Datetime,Water Level (m)
2025-08-04 18:00:00,0.34795725
2025-08-04 19:00:00,-0.05658029
2025-08-04 20:00:00,-0.43025923
2025-08-04 21:00:00,-0.64721733
2025-08-04 22:00:00,-0.6061753
2025-08-04 23:00:00,-0.23064893
2025-08-05 00:00:00,0.3303845
2025-08-05 01:00:00,0.9122568
2025-08-05 02:00:00,1.377369
2025-08-05 03:00:00,1.6560404
2025-08-05 04:00:00,1.717707
2025-08-05 05:00:00,1.5231199
2025-08-05 06:00:00,1.106632
2025-08-05 07:00:00,0.53184205
2025-08-05 08:00:00,-0.036801107
2025-08-05 09:00:00,-0.50645936
2025-08-05 10:00:00,-0.7918297
2025-08-05 11:00:00,-0.8006366
2025-08-05 12:00:00,-0.4881796
2025-08-05 13:00:00,0.05656949
2025-08-05 14:00:00,0.60861254
2025-08-05 15:00:00,1.0264758
2025-08-05 16:00:00,1.2489921
2025-08-05 17:00:00,1.2571068
2025-08-05 18:00:00,1.0221739
2025-08-05 19:00:00,0.55394506
2025-08-05 20:00:00,-0.05423535
2025-08-05 21:00:00,-0.6078113
2025-08-05 22:00:00,-0.96188223
2025-08-05 23:00:00,-0.9801887
2025-08-06 00:00:00,-0.50853
2025-08-06 01:00:00,0.23401581
2025-08-06 02:00:00,0.99241275
2025-08-06 03:00:00,1.5835048
2025-08-06 04:00:00,1.9364038
2025-08-06 05:00:00,2.0338855
2025-08-06 06:00:00,1.7993274
2025-08-06 07:00:00,1.2658645
2025-08-06 08:00:00,0.5416749
2025-08-06 09:00:00,-0.16848251
2025-08-06 10:00:00,-0.7561562
2025-08-06 11:00:00,-1.1210301
2025-08-06 12:00:00,-1.1251554
2025-08-06 13:00:00,-0.60794395
2025-08-06 14:00:00,0.15314588
2025-08-06 15:00:00,0.8512651
2025-08-06 16:00:00,1.3345418
2025-08-06 17:00:00,1.5547566
2025-08-06 18:00:00,1.505987
2025-08-06 19:00:00,1.1324086
2025-08-06 20:00:00,0.51961833
2025-08-06 21:00:00,-0.19194904
2025-08-06 22:00:00,-0.8152677
2025-08-06 23:00:00,-1.1951404
2025-08-07 00:00:00,-1.128264
2025-08-07 01:00:00,-0.41918856
2025-08-07 02:00:00,0.49597648
2025-08-07 03:00:00,1.3536745
2025-08-07 04:00:00,1.9693567
2025-08-07 05:00:00,2.2947185
2025-08-07 06:00:00,2.3075302
2025-08-07 07:00:00,1.9123273
2025-08-07 08:00:00,1.2058985
2025-08-07 09:00:00,0.32473573
2025-08-07 10:00:00,-0.48914057
2025-08-07 11:00:00,-1.1046695
2025-08-07 12:00:00,-1.4512144
2025-08-07 13:00:00,-1.2390085
2025-08-07 14:00:00,-0.36053434
2025-08-07 15:00:00,0.5477214
2025-08-07 16:00:00,1.320439
2025-08-07 17:00:00,1.7597352
2025-08-07 18:00:00,1.8767986
2025-08-07 19:00:00,1.6659751
2025-08-07 20:00:00,1.081522
2025-08-07 21:00:00,0.29984656
2025-08-07 22:00:00,-0.50786704
2025-08-07 23:00:00,-1.147824
2025-08-08 00:00:00,-1.4917765
2025-08-08 01:00:00,-1.2004083
2025-08-08 02:00:00,-0.15610348
2025-08-08 03:00:00,0.8989821
2025-08-08 04:00:00,1.8322634
2025-08-08 05:00:00,2.417811
2025-08-08 06:00:00,2.6212552
2025-08-08 07:00:00,2.4288352
2025-08-08 08:00:00,1.7964646
2025-08-08 09:00:00,0.91538733
2025-08-08 10:00:00,-0.020326914
2025-08-08 11:00:00,-0.84414405
2025-08-08 12:00:00,-1.4289643
2025-08-08 13:00:00,-1.6119672
2025-08-08 14:00:00,-1.0200963
2025-08-08 15:00:00,0.10586165
2025-08-08 16:00:00,1.0890393
2025-08-08 17:00:00,1.7960792
2025-08-08 18:00:00,2.117004
2025-08-08 19:00:00,2.0600052
2025-08-08 20:00:00,1.6024274
2025-08-08 21:00:00,0.83392394
2025-08-08 22:00:00,-0.054108135
2025-08-08 23:00:00,-0.88941854
2025-08-09 00:00:00,-1.5033336
2025-08-09 01:00:00,-1.6930436
2025-08-09 02:00:00,-0.9889982
2025-08-09 03:00:00,0.2642969
2025-08-09 04:00:00,1.4178009
2025-08-09 05:00:00,2.2999277
2025-08-09 06:00:00,2.7673848
2025-08-09 07:00:00,2.8042526
2025-08-09 08:00:00,2.3450847
2025-08-09 09:00:00,1.5299326
2025-08-09 10:00:00,0.5115075
2025-08-09 11:00:00,-0.4670005
2025-08-09 12:00:00,-1.244634
2025-08-09 13:00:00,-1.7676479
2025-08-09 14:00:00,-1.7055637
2025-08-09 15:00:00,-0.58193594
2025-08-09 16:00:00,0.5861267
2025-08-09 17:00:00,1.5987259
2025-08-09 18:00:00,2.1942618
2025-08-09 19:00:00,2.3650634
2025-08-09 20:00:00,2.1203992
2025-08-09 21:00:00,1.4129809
2025-08-09 22:00:00,0.49920687
2025-08-09 23:00:00,-0.46873227
2025-08-10 00:00:00,-1.2717814
2025-08-10 01:00:00,-1.8260547
2025-08-10 02:00:00,-1.7954968
2025-08-10 03:00:00,-0.612932
2025-08-10 04:00:00,0.66540164
2025-08-10 05:00:00,1.852866
2025-08-10 06:00:00,2.6182694
2025-08-10 07:00:00,2.914713
2025-08-10 08:00:00,2.7302043
2025-08-10 09:00:00,2.016207
2025-08-10 10:00:00,1.0524135
2025-08-10 11:00:00,-0.010968834
2025-08-10 12:00:00,-0.94796795
2025-08-10 13:00:00,-1.6870842
2025-08-10 14:00:00,-2.031334
2025-08-10 15:00:00,-1.4324585
2025-08-10 16:00:00,-0.037702147
2025-08-10 17:00:00,1.141703
2025-08-10 18:00:00,2.0812538
